,飯店編號,距離市中心
0,762749,"西區, 台中市 - 位於市中心"
1,798543,"西屯區, 台中市 - 距市中心4.4公里"
2,5288,"西屯區, 台中市 - 距市中心2.4公里"
3,304391,"北屯區, 台中市 - 距市中心4.3公里"
4,1573604,"西區, 台中市 - 距市中心1.2公里"
5,6425500,"逢甲, 台中市 - 距市中心5.1公里"
6,161830,"逢甲, 台中市 - 距市中心4.9公里"
7,574301,"逢甲, 台中市 - 距市中心5.0公里"
8,528878,"東區, 台中市 - 距市中心0.2公里"
9,4645481,"西屯區, 台中市 - 距市中心3.1公里"
10,407479,"西屯區, 台中市 - 距市中心3.6公里"
11,4889,"西屯區, 台中市 - 距市中心2.5公里"
12,1159063,"中區, 台中市 - 位於市中心"
13,3552153,"中區, 台中市 - 位於市中心"
14,9114975,"西區, 台中市 - 距市中心1.8公里"
15,246346,"西區, 台中市 - 距市中心1.5公里"
16,3578462,"西屯區, 台中市 - 距市中心4.8公里"
17,5056282,"逢甲, 台中市 - 距市中心5.1公里"
18,31429710,"龍井鄉, 台中市 - 距市中心15.8公里"
19,5819,"西區, 台中市 - 距市中心1.8公里"
20,234438,"西屯區, 台中市 - 距市中心4.8公里"
21,4973327,"西區, 台中市 - 距市中心0.9公里"
22,149167,"南屯區, 台中市 - 距市中心2.5公里"
23,174390,"北屯區, 台中市 - 距市中心4.4公里"
24,773214,"逢甲, 台中市 - 距市中心4.6公里"
25,17985363,"北區, 台中市 - 位於市中心"
26,181848,"西區, 台中市 - 距市中心1.7公里"
27,29149415,"中區, 台中市 - 位於市中心"
28,14883372,"西區, 台中市 - 距市中心1.8公里"
29,4576031,"北區, 台中市 - 距市中心0.4公里"
30,248403,"西屯區, 台中市 - 距市中心6.5公里"
31,12212364,"北區, 台中市 - 位於市中心"
32,535693,"逢甲, 台中市 - 距市中心5.0公里"
33,292360,"西屯區, 台中市 - 距市中心2.5公里"
34,17526138,"南屯區, 台中市 - 距市中心3.0公里"
35,10672011,"清水區, 台中市 - 距市中心17.9公里"
36,5795498,"逢甲, 台中市 - 距市中心4.7公里"
37,782687,"逢甲, 台中市 - 距市中心5.1公里"
38,28393234,"龍井鄉, 台中市 - 距市中心10.1公里"
39,2405061,"東區, 台中市 - 距市中心0.4公里"
40,336387,"東區, 台中市 - 距市中心0.1公里"
41,11300024,"逢甲, 台中市 - 距市中心5.0公里"
42,411750,"中區, 台中市 - 位於市中心"
43,2971561,"逢甲, 台中市 - 距市中心4.6公里"
44,12166206,"北區, 台中市 - 位於市中心"
45,69185,"北屯區, 台中市 - 距市中心1.8公里"
46,7585,"西屯區, 台中市 - 距市中心6.4公里"
47,31496613,"豐原區, 台中市 - 距市中心11.8公里"
48,303012,"中區, 台中市 - 位於市中心"
49,4415812,"東區, 台中市 - 距市中心0.4公里"
50,28536909,"龍井鄉, 台中市 - 距市中心10.3公里"
51,255728,"逢甲, 台中市 - 距市中心4.8公里"
52,445801,"北區, 台中市 - 距市中心1.3公里"
53,665570,"中區, 台中市 - 位於市中心"
54,7424779,"逢甲, 台中市 - 距市中心4.5公里"
55,1148754,"東區, 台中市 - 距市中心0.7公里"
56,1135397,"西區, 台中市 - 距市中心1.7公里"
57,5862575,"烏日區, 台中市 - 距市中心6.7公里"
58,15971118,"大雅區, 台中市 - 距市中心8.7公里"
59,2733310,"西區, 台中市 - 距市中心2.0公里"
60,444492,"西屯區, 台中市 - 距市中心3.7公里"
61,31438648,"龍井鄉, 台中市 - 距市中心15.8公里"
62,28533906,"逢甲, 台中市 - 距市中心4.8公里"
63,335867,"后里區, 台中市 - 距市中心18.1公里"
64,570005,"逢甲, 台中市 - 距市中心5.2公里"
65,8528193,"北區, 台中市 - 位於市中心"
66,4415622,"中區, 台中市 - 位於市中心"
67,807006,"逢甲, 台中市 - 距市中心4.8公里"
68,8547205,"北區, 台中市 - 位於市中心"
69,236983,"烏日區, 台中市 - 距市中心8.7公里"
70,9796019,"西區, 台中市 - 距市中心0.8公里"
71,12167160,"逢甲, 台中市 - 距市中心5.1公里"
72,547899,"中區, 台中市 - 位於市中心"
73,262575,"北屯區, 台中市 - 距市中心8.8公里"
74,10564014,"逢甲, 台中市 - 距市中心5.1公里"
75,21585947,"太平區, 台中市 - 距市中心3.7公里"
76,1400088,"西屯區, 台中市 - 距市中心4.1公里"
77,5943553,"北區, 台中市 - 位於市中心"
78,29403982,"清水區, 台中市 - 距市中心21.3公里"
79,2264704,"西區, 台中市 - 距市中心0.9公里"
80,5824851,"西屯區, 台中市 - 距市中心3.9公里"
81,10564168,"南屯區, 台中市 - 距市中心5.7公里"
82,69019,"北區, 台中市 - 距市中心0.2公里"
83,446412,"北區, 台中市 - 位於市中心"
84,6915990,"中區, 台中市 - 位於市中心"
85,1070209,"南屯區, 台中市 - 距市中心4.4公里"
86,2569726,"逢甲, 台中市 - 距市中心5.0公里"
87,8186321,"逢甲, 台中市 - 距市中心4.9公里"
88,433342,"梧棲區, 台中市 - 距市中心19.2公里"
89,527771,"中區, 台中市 - 位於市中心"
90,6948019,"逢甲, 台中市 - 距市中心5.7公里"
91,399450,"西屯區, 台中市 - 距市中心4.1公里"
92,1031516,"大雅區, 台中市 - 距市中心8.6公里"
93,1414975,"逢甲, 台中市 - 距市中心5.1公里"
94,1196211,"西屯區, 台中市 - 距市中心2.9公里"
95,487752,"西區, 台中市 - 距市中心2.1公里"
96,734798,"谷關, 台中市 - 距市中心32.1公里"
97,5441478,"北區, 台中市 - 距市中心0.2公里"
98,2279955,"逢甲, 台中市 - 距市中心5.0公里"
99,4846263,"逢甲, 台中市 - 距市中心5.2公里"
100,687216,"北區, 台中市 - 位於市中心"
101,10947970,"北區, 台中市 - 距市中心1.3公里"
102,292676,"谷關, 台中市 - 距市中心27.3公里"
103,5891777,"中區, 台中市 - 位於市中心"
104,6165939,"西屯區, 台中市 - 距市中心3.8公里"
105,1162573,"西屯區, 台中市 - 距市中心4.8公里"
106,861981,"逢甲, 台中市 - 距市中心5.3公里"
107,502276,"東區, 台中市 - 距市中心0.3公里"
108,186891,"南屯區, 台中市 - 距市中心6.7公里"
109,6856799,"北區, 台中市 - 距市中心0.3公里"
110,1177990,"南屯區, 台中市 - 距市中心4.8公里"
111,25066676,"逢甲, 台中市 - 距市中心4.7公里"
112,7031776,"北屯區, 台中市 - 距市中心4.1公里"
113,564498,"南屯區, 台中市 - 距市中心3.3公里"
114,25934748,"南區, 台中市 - 距市中心0.7公里"
115,4138262,"西區, 台中市 - 距市中心2.0公里"
116,300680,"中區, 台中市 - 位於市中心"
117,149099,"中區, 台中市 - 位於市中心"
118,67023,"北區, 台中市 - 距市中心0.2公里"
119,256240,"西屯區, 台中市 - 距市中心4.4公里"
120,7447452,"中區, 台中市 - 位於市中心"
121,256061,"梧棲區, 台中市 - 距市中心19.1公里"
122,6377126,"逢甲, 台中市 - 距市中心5.7公里"
123,6546318,"中區, 台中市 - 位於市中心"
124,27851969,"中區, 台中市 - 位於市中心"
125,1200570,"西區, 台中市 - 距市中心0.9公里"
126,730333,"和平區, 台中市 - 距市中心57.9公里"
127,2307880,"北區, 台中市 - 距市中心0.3公里"
128,1160085,"西區, 台中市 - 距市中心0.4公里"
129,434053,"東區, 台中市 - 距市中心88公尺"
130,734797,"北區, 台中市 - 位於市中心"
131,522587,"中區, 台中市 - 位於市中心"
132,8110292,"中區, 台中市 - 位於市中心"
133,20998886,"中區, 台中市 - 位於市中心"
134,6428111,"北區, 台中市 - 距市中心0.4公里"
135,4842342,"太平區, 台中市 - 距市中心2.5公里"
136,9883664,"西區, 台中市 - 距市中心1.3公里"
137,1158177,"逢甲, 台中市 - 距市中心5.6公里"
138,6913274,"東區, 台中市 - 距市中心0.3公里"
139,1254507,"逢甲, 台中市 - 距市中心5.7公里"
140,2374878,"西區, 台中市 - 距市中心1.4公里"
141,16478713,"中區, 台中市 - 位於市中心"
142,10558579,"逢甲, 台中市 - 距市中心5.0公里"
143,246344,"豐原區, 台中市 - 距市中心10.9公里"
144,1723744,"中區, 台中市 - 位於市中心"
145,928918,"北區, 台中市 - 位於市中心"
146,245747,"中區, 台中市 - 位於市中心"
147,7260156,"逢甲, 台中市 - 距市中心4.3公里"
148,252345,"南屯區, 台中市 - 距市中心3.0公里"
149,6994144,"逢甲, 台中市 - 距市中心4.9公里"
150,2100518,"新社區, 台中市 - 距市中心11.7公里"
151,6510594,"北屯區, 台中市 - 距市中心4.5公里"
152,27746044,"西屯區, 台中市 - 距市中心35.4公里"
153,3219911,"西區, 台中市 - 距市中心1.5公里"
154,10888987,"北區, 台中市 - 距市中心73公尺"
155,23126674,"中區, 台中市 - 位於市中心"
156,929466,"豐原區, 台中市 - 距市中心10.9公里"
157,16424623,"中區, 台中市 - 位於市中心"
158,7788184,"西屯區, 台中市 - 距市中心4.8公里"
159,13415509,"中區, 台中市 - 位於市中心"
160,1184373,"南屯區, 台中市 - 距市中心4.3公里"
161,298494,"北區, 台中市 - 位於市中心"
162,3590369,"中區, 台中市 - 位於市中心"
163,24252648,"西屯區, 台中市 - 距市中心3.9公里"
164,1197413,"南屯區, 台中市 - 距市中心3.2公里"
165,527769,"西區, 台中市 - 距市中心0.4公里"
166,867602,"北屯區, 台中市 - 距市中心1.6公里"
167,1060645,"太平區, 台中市 - 距市中心2.5公里"
168,5347424,"北區, 台中市 - 距市中心0.7公里"
169,1991561,"北區, 台中市 - 位於市中心"
170,1639633,"南屯區, 台中市 - 距市中心3.9公里"
171,1254558,"中區, 台中市 - 位於市中心"
172,6172064,"逢甲, 台中市 - 距市中心5.0公里"
173,1196148,"北屯區, 台中市 - 距市中心2.5公里"
174,502573,"中區, 台中市 - 位於市中心"
175,527770,"中區, 台中市 - 位於市中心"
176,519462,"西區, 台中市 - 距市中心0.7公里"
177,886103,"大雅區, 台中市 - 距市中心7.8公里"
178,4983793,"東區, 台中市 - 距市中心2.6公里"
179,246351,"北區, 台中市 - 距市中心0.3公里"
180,15898656,"霧峰區, 台中市 - 距市中心9.2公里"
181,60406,"谷關, 台中市 - 距市中心32.7公里"
182,407603,"西屯區, 台中市 - 距市中心4.1公里"
183,1621387,"西屯區, 台中市 - 距市中心5.4公里"
184,291195,"逢甲, 台中市 - 距市中心5.5公里"
185,789214,"太平區, 台中市 - 距市中心1.9公里"
186,8066947,"北區, 台中市 - 位於市中心"
187,7033715,"逢甲, 台中市 - 距市中心5.6公里"
188,240536,"北區, 台中市 - 距市中心1.2公里"
189,457521,"中區, 台中市 - 位於市中心"
190,237067,"南屯區, 台中市 - 距市中心3.2公里"
191,26843368,"北屯區, 台中市 - 距市中心3.2公里"
192,241996,"逢甲, 台中市 - 距市中心4.4公里"
193,28521603,"逢甲, 台中市 - 距市中心4.4公里"
194,25455222,"大甲區, 台中市 - 距市中心22.0公里"
195,548905,"西屯區, 台中市 - 距市中心4.6公里"
196,14496122,"西屯區, 台中市 - 距市中心2.6公里"
197,1623858,"南區, 台中市 - 距市中心0.7公里"
198,8812268,"大里區, 台中市 - 距市中心3.9公里"
199,4997807,"逢甲, 台中市 - 距市中心5.1公里"
200,2018880,"北區, 台中市 - 距市中心1.0公里"
201,689812,"豐原區, 台中市 - 距市中心11.1公里"
202,23126583,"沙鹿區, 台中市 - 距市中心12.9公里"
203,23070137,"后里區, 台中市 - 距市中心17.9公里"
204,2402417,"西區, 台中市 - 位於市中心"
205,18809966,"梧棲區, 台中市 - 距市中心19.2公里"
206,19923717,"逢甲, 台中市 - 距市中心4.2公里"
207,5815264,"大里區, 台中市 - 距市中心2.6公里"
208,1623662,"中區, 台中市 - 位於市中心"
209,894063,"谷關, 台中市 - 距市中心31.8公里"
210,246322,"谷關, 台中市 - 距市中心32.9公里"
211,15911652,"西區, 台中市 - 距市中心1.7公里"
212,529219,"西區, 台中市 - 距市中心1.1公里"
213,566867,"北屯區, 台中市 - 距市中心2.3公里"
214,1196154,"北區, 台中市 - 距市中心1.4公里"
215,1134991,"后里區, 台中市 - 距市中心18.0公里"
216,67021,"西區, 台中市 - 距市中心1.0公里"
217,5972022,"中區, 台中市 - 位於市中心"
218,298393,"霧峰區, 台中市 - 距市中心8.8公里"
219,7341277,"龍井鄉, 台中市 - 距市中心9.3公里"
220,4200738,"南區, 台中市 - 距市中心3.4公里"
221,6851829,"梧棲區, 台中市 - 距市中心18.7公里"
222,7338711,"沙鹿區, 台中市 - 距市中心15.0公里"
223,25940522,"西區, 台中市 - 距市中心1.7公里"
224,16568051,"東區, 台中市 - 位於市中心"
225,18778476,"中區, 台中市 - 位於市中心"
226,546545,"西區, 台中市 - 距市中心1.2公里"
227,4641303,"北屯區, 台中市 - 距市中心3.8公里"
228,4129854,"北屯區, 台中市 - 距市中心5.2公里"
229,1220328,"西屯區, 台中市 - 距市中心4.0公里"
230,888851,"中區, 台中市 - 位於市中心"
231,25467479,"梧棲區, 台中市 - 距市中心16.2公里"
232,10893974,"北區, 台中市 - 位於市中心"
233,27766137,"沙鹿區, 台中市 - 距市中心14.3公里"
234,272593,"豐原區, 台中市 - 距市中心10.9公里"
235,245773,"中區, 台中市 - 位於市中心"
236,4070570,"大里區, 台中市 - 距市中心2.6公里"
237,1648270,"中區, 台中市 - 位於市中心"
238,870753,"南屯區, 台中市 - 距市中心3.4公里"
239,280993,"南屯區, 台中市 - 距市中心2.6公里"
240,566628,"南區, 台中市 - 距市中心2.1公里"
241,399305,"南屯區, 台中市 - 距市中心2.9公里"
242,12180820,"西區, 台中市 - 距市中心0.4公里"
243,9115675,"南屯區, 台中市 - 距市中心4.1公里"
244,255791,"北屯區, 台中市 - 距市中心2.2公里"
245,256082,"南屯區, 台中市 - 距市中心3.2公里"
246,6587173,"逢甲, 台中市 - 距市中心4.5公里"
247,1166164,"逢甲, 台中市 - 距市中心4.8公里"
248,24247502,"梧棲區, 台中市 - 距市中心18.7公里"
249,8258564,"后里區, 台中市 - 距市中心18.0公里"
250,241354,"西屯區, 台中市 - 距市中心4.2公里"
251,4580530,"逢甲, 台中市 - 距市中心4.9公里"
252,27840400,"逢甲, 台中市 - 距市中心4.9公里"
253,17023201,"西區, 台中市 - 距市中心1.4公里"
254,1184745,"中區, 台中市 - 位於市中心"
255,13484046,"逢甲, 台中市 - 距市中心4.3公里"
256,5912004,"大里區, 台中市 - 距市中心3.9公里"
257,399551,"北屯區, 台中市 - 距市中心5.4公里"
258,14431926,"北區, 台中市 - 位於市中心"
259,460317,"梧棲區, 台中市 - 距市中心19.8公里"
260,4935999,"神岡區, 台中市 - 距市中心10.6公里"
261,8799180,"中區, 台中市 - 位於市中心"
262,3377995,"北區, 台中市 - 位於市中心"
263,1553070,"北屯區, 台中市 - 距市中心3.1公里"
264,8427607,"豐原區, 台中市 - 距市中心10.9公里"
265,1523739,"西區, 台中市 - 距市中心1.8公里"
266,241373,"谷關, 台中市 - 距市中心32.4公里"
267,6256912,"大里區, 台中市 - 距市中心2.4公里"
268,4638443,"逢甲, 台中市 - 距市中心5.0公里"
269,871763,"中區, 台中市 - 位於市中心"
270,2260218,"北屯區, 台中市 - 距市中心3.3公里"
271,8707203,"北屯區, 台中市 - 距市中心4.5公里"
272,2847740,"中區, 台中市 - 位於市中心"
273,7527342,"豐原區, 台中市 - 距市中心10.8公里"
274,746766,"南屯區, 台中市 - 距市中心3.4公里"
275,463041,"北區, 台中市 - 距市中心0.8公里"
276,255749,"谷關, 台中市 - 距市中心27.0公里"
277,2010790,"西屯區, 台中市 - 距市中心4.2公里"
278,5916993,"谷關, 台中市 - 距市中心29.4公里"
279,18079232,"逢甲, 台中市 - 距市中心4.9公里"
280,3349975,"中區, 台中市 - 位於市中心"
281,2517211,"北區, 台中市 - 距市中心2.5公里"
282,2009176,"逢甲, 台中市 - 距市中心4.6公里"
283,2599368,"龍井鄉, 台中市 - 距市中心9.5公里"
284,8124561,"逢甲, 台中市 - 距市中心5.1公里"
285,2904001,"西區, 台中市 - 距市中心1.8公里"
286,2439374,"逢甲, 台中市 - 距市中心4.9公里"
287,2089201,"中區, 台中市 - 位於市中心"
288,7486784,"逢甲, 台中市 - 距市中心4.4公里"
289,7199394,"逢甲, 台中市 - 距市中心4.9公里"
290,22412261,"中區, 台中市 - 位於市中心"
291,178273,"逢甲, 台中市 - 距市中心4.4公里"
292,5196685,"大雅區, 台中市 - 距市中心7.6公里"
293,3096221,"中區, 台中市 - 位於市中心"
294,548665,"北屯區, 台中市 - 距市中心1.7公里"
295,2281367,"西屯區, 台中市 - 距市中心6.5公里"
296,398987,"北區, 台中市 - 距市中心0.3公里"
297,4121780,"北區, 台中市 - 位於市中心"
298,284508,"逢甲, 台中市 - 距市中心4.4公里"
299,1047300,"龍井鄉, 台中市 - 距市中心10.0公里"
300,4210644,"北區, 台中市 - 位於市中心"
301,240657,"北區, 台中市 - 距市中心0.2公里"
302,951316,"烏日區, 台中市 - 距市中心6.3公里"
303,4144575,"北區, 台中市 - 距市中心0.2公里"
304,2095896,"北區, 台中市 - 距市中心1.6公里"
305,7482817,"逢甲, 台中市 - 距市中心4.2公里"
306,246327,"東區, 台中市 - 距市中心1.6公里"
307,3650424,"中區, 台中市 - 位於市中心"
308,7417036,"東勢區, 台中市 - 距市中心21.5公里"
309,247715,"東區, 台中市 - 距市中心0.2公里"
310,908103,"龍井鄉, 台中市 - 距市中心9.4公里"
311,7430762,"谷關, 台中市 - 距市中心32.5公里"
312,1164884,"中區, 台中市 - 位於市中心"
313,5901665,"北區, 台中市 - 距市中心0.3公里"
314,16783994,"中區, 台中市 - 位於市中心"
315,14664735,"西區, 台中市 - 距市中心1.8公里"
316,3578031,"后里區, 台中市 - 距市中心19.0公里"
317,6123129,"清水區, 台中市 - 距市中心18.3公里"
318,25760298,"北區, 台中市 - 位於市中心"
319,548645,"北區, 台中市 - 距市中心2.6公里"
320,23741855,"逢甲, 台中市 - 距市中心4.5公里"
321,23647259,"龍井鄉, 台中市 - 距市中心9.3公里"
322,17219559,"北區, 台中市 - 位於市中心"
323,1266540,"龍井鄉, 台中市 - 距市中心9.4公里"
324,26082454,"逢甲, 台中市 - 距市中心4.7公里"
325,16136886,"谷關, 台中市 - 查看地圖"
326,7550517,"大里區, 台中市 - 距市中心2.6公里"
327,14452123,"逢甲, 台中市 - 距市中心4.5公里"
328,10661804,"豐原區, 台中市 - 距市中心9.7公里"
329,4123094,"北區, 台中市 - 距市中心1.6公里"
330,2241466,"逢甲, 台中市 - 距市中心4.2公里"
331,2613692,"逢甲, 台中市 - 距市中心4.6公里"
332,13758876,"北區, 台中市 - 位於市中心"
333,4138595,"逢甲, 台中市 - 距市中心4.9公里"
334,25704336,"逢甲, 台中市 - 距市中心4.9公里"
335,1623161,"龍井鄉, 台中市 - 距市中心9.5公里"
336,5506690,"西區, 台中市 - 距市中心1.8公里"
337,2266809,"北區, 台中市 - 位於市中心"
338,6107502,"后里區, 台中市 - 距市中心18.5公里"
339,2326811,"逢甲, 台中市 - 距市中心4.4公里"
340,2923785,"烏日區, 台中市 - 距市中心7.8公里"
341,7423615,"豐原區, 台中市 - 距市中心11.0公里"
342,1274067,"龍井鄉, 台中市 - 距市中心9.4公里"
343,14688028,"北區, 台中市 - 位於市中心"
344,11282232,"逢甲, 台中市 - 距市中心5.1公里"
345,7424862,"北屯區, 台中市 - 距市中心10.9公里"
346,18959319,"北區, 台中市 - 距市中心1.1公里"
347,9778368,"逢甲, 台中市 - 距市中心4.5公里"
348,630034,"新社區, 台中市 - 距市中心13.6公里"
349,26876062,"北區, 台中市 - 位於市中心"
350,4062565,"梧棲區, 台中市 - 距市中心16.6公里"
351,5290375,"逢甲, 台中市 - 距市中心4.9公里"
352,1400604,"逢甲, 台中市 - 距市中心4.9公里"
353,3088820,"豐原區, 台中市 - 距市中心13.4公里"
354,267918,"中區, 台中市 - 位於市中心"
355,1196883,"逢甲, 台中市 - 距市中心4.6公里"
356,1194522,"西區, 台中市 - 距市中心1.3公里"
357,11123019,"東勢區, 台中市 - 距市中心17.4公里"
358,2379855,"后里區, 台中市 - 距市中心17.0公里"
359,22770754,"逢甲, 台中市 - 距市中心4.9公里"
360,1274993,"逢甲, 台中市 - 距市中心4.2公里"
361,4935681,"北區, 台中市 - 位於市中心"
362,5752966,"中區, 台中市 - 位於市中心"
363,25068588,"逢甲, 台中市 - 距市中心5.1公里"
364,19043886,"龍井鄉, 台中市 - 距市中心9.4公里"
365,27878605,"北區, 台中市 - 位於市中心"
366,67002,"和平區, 台中市 - 距市中心66.3公里"
367,18107472,"西屯區, 台中市 - 距市中心3.9公里"
368,26062700,"北區, 台中市 - 位於市中心"
369,24287986,"北區, 台中市 - 位於市中心"
370,25919078,"北區, 台中市 - 位於市中心"
371,31163820,"東區, 台中市 - 距市中心0.1公里"
372,1400160,"東區, 台中市 - 距市中心0.1公里"
373,5910720,"逢甲, 台中市 - 距市中心4.5公里"
374,25804869,"清水區, 台中市 - 查看地圖"
375,22420040,"逢甲, 台中市 - 距市中心4.7公里"
376,11302857,"北區, 台中市 - 距市中心0.3公里"
377,11143922,"逢甲, 台中市 - 距市中心4.7公里"
378,301991,"逢甲, 台中市 - 距市中心4.9公里"
379,15290056,"逢甲, 台中市 - 距市中心4.4公里"
380,25150474,"逢甲, 台中市 - 距市中心5.1公里"
381,12539305,"后里區, 台中市 - 距市中心17.4公里"
382,11768958,"豐原區, 台中市 - 距市中心7.9公里"
383,1016025,"逢甲, 台中市 - 距市中心5.1公里"
384,19864442,"逢甲, 台中市 - 距市中心4.4公里"
385,7479376,"逢甲, 台中市 - 距市中心4.7公里"
386,1621810,"逢甲, 台中市 - 距市中心5.2公里"
387,1712115,"逢甲, 台中市 - 距市中心4.4公里"
388,7341108,"逢甲, 台中市 - 距市中心4.6公里"
389,2547865,"逢甲, 台中市 - 距市中心5.0公里"
390,7426019,"大里區, 台中市 - 距市中心6.1公里"
391,3318543,"逢甲, 台中市 - 距市中心4.8公里"
392,10662678,"豐原區, 台中市 - 距市中心11.4公里"
393,27997663,"逢甲, 台中市 - 距市中心4.6公里"
394,30702989,"逢甲, 台中市 - 距市中心4.9公里"
395,24099281,"后里區, 台中市 - 距市中心16.2公里"
396,30142306,"北屯區, 台中市 - 距市中心3.8公里"
397,31193298,"逢甲, 台中市 - 距市中心4.5公里"
398,12430433,"逢甲, 台中市 - 距市中心4.8公里"
399,13593262,"北區, 台中市 - 距市中心0.1公里"
400,18204137,"逢甲, 台中市 - 距市中心5.1公里"
401,5703589,"逢甲, 台中市 - 距市中心4.2公里"
402,5922951,"逢甲, 台中市 - 距市中心4.5公里"
403,6171364,"逢甲, 台中市 - 距市中心4.8公里"
404,21917344,"北區, 台中市 - 位於市中心"
405,2065090,"北區, 台中市 - 距市中心0.6公里"
406,13381649,"北區, 台中市 - 距市中心1.5公里"
407,6002887,"沙鹿區, 台中市 - 距市中心12.1公里"
408,30166371,"北區, 台中市 - 位於市中心"
409,11308844,"逢甲, 台中市 - 距市中心5.0公里"
410,1574735,"北屯區, 台中市 - 距市中心5.3公里"
411,28163408,"北區, 台中市 - 位於市中心"
412,8547272,"北區, 台中市 - 位於市中心"
413,3940265,"新社區, 台中市 - 距市中心13.0公里"
414,25066571,"逢甲, 台中市 - 距市中心4.9公里"
415,13609607,"西區, 台中市 - 距市中心1.1公里"
416,30120298,"北屯區, 台中市 - 距市中心4.7公里"
417,29537543,"西屯區, 台中市 - 距市中心3.6公里"
418,23923307,"北區, 台中市 - 位於市中心"
419,18465392,"北區, 台中市 - 位於市中心"
420,28536884,"龍井鄉, 台中市 - 距市中心10.1公里"
421,28183996,"逢甲, 台中市 - 距市中心4.6公里"
422,26851152,"北區, 台中市 - 位於市中心"
423,12487804,"逢甲, 台中市 - 距市中心5.0公里"
424,14693411,"東區, 台中市 - 距市中心1.4公里"
425,28169274,"東區, 台中市 - 距市中心0.8公里"
426,6872553,"中區, 台中市 - 位於市中心"
427,9883694,"逢甲, 台中市 - 距市中心4.5公里"
428,2608915,"谷關, 台中市 - 距市中心26.6公里"
429,25066858,"逢甲, 台中市 - 距市中心4.7公里"
430,6172929,"谷關, 台中市 - 距市中心22.0公里"
431,27937646,"逢甲, 台中市 - 距市中心4.7公里"
432,11040420,"清水區, 台中市 - 距市中心21.9公里"
433,29525999,"東勢區, 台中市 - 距市中心21.2公里"
434,9377742,"逢甲, 台中市 - 距市中心5.0公里"
435,6509556,"逢甲, 台中市 - 距市中心4.9公里"
436,27937654,"逢甲, 台中市 - 距市中心4.7公里"
437,24999983,"北區, 台中市 - 位於市中心"
438,21902569,"北區, 台中市 - 位於市中心"
439,30820168,"逢甲, 台中市 - 距市中心4.2公里"
440,15971844,"北區, 台中市 - 距市中心2.3公里"
441,30121173,"西屯區, 台中市 - 距市中心2.5公里"
442,30507680,"逢甲, 台中市 - 距市中心5.0公里"
443,30971444,"北區, 台中市 - 位於市中心"
444,2733901,"清水區, 台中市 - 距市中心21.9公里"
445,31260347,"北區, 台中市 - 距市中心0.9公里"
446,24141424,"逢甲, 台中市 - 距市中心5.0公里"
447,8451272,"東勢區, 台中市 - 距市中心15.5公里"
448,25212711,"北區, 台中市 - 位於市中心"
449,29418945,"西屯區, 台中市 - 距市中心2.4公里"
450,10682193,"北區, 台中市 - 位於市中心"
451,3795661,"逢甲, 台中市 - 距市中心4.2公里"
452,30804391,"北區, 台中市 - 距市中心0.9公里"
453,2662926,"谷關, 台中市 - 距市中心29.0公里"
454,31060745,"西屯區, 台中市 - 距市中心4.1公里"
455,16488764,"中區, 台中市 - 位於市中心"
456,3700089,"西屯區, 台中市 - 距市中心2.8公里"
457,5944392,"北區, 台中市 - 位於市中心"
458,12192139,"南區, 台中市 - 距市中心1.0公里"
459,27937666,"逢甲, 台中市 - 距市中心4.7公里"
460,30121606,"外埔區, 台中市 - 距市中心20.2公里"
461,10681760,"北區, 台中市 - 位於市中心"
462,18104173,"北屯區, 台中市 - 距市中心4.1公里"
463,876949,"北區, 台中市 - 距市中心0.4公里"
464,862611,"中區, 台中市 - 位於市中心"
465,18457685,"北區, 台中市 - 位於市中心"
466,5894563,"逢甲, 台中市 - 距市中心4.6公里"
467,17217359,"北區, 台中市 - 距市中心0.6公里"
468,8744334,"逢甲, 台中市 - 距市中心4.4公里"
469,10908623,"南區, 台中市 - 距市中心1.0公里"
470,30786580,"后里區, 台中市 - 距市中心17.8公里"
471,27842680,"逢甲, 台中市 - 距市中心4.9公里"
472,6853415,"西屯區, 台中市 - 距市中心2.3公里"
473,12225213,"北區, 台中市 - 位於市中心"
474,772256,"中區, 台中市 - 位於市中心"
475,17954034,"北區, 台中市 - 位於市中心"
476,291194,"逢甲, 台中市 - 距市中心5.5公里"
477,25541617,"北屯區, 台中市 - 距市中心4.2公里"
478,18930084,"谷關, 台中市 - 距市中心28.9公里"
479,12548314,"逢甲, 台中市 - 距市中心4.7公里"
480,19151920,"東勢區, 台中市 - 距市中心20.2公里"
481,25957940,"北區, 台中市 - 位於市中心"
482,9050343,"北區, 台中市 - 位於市中心"
483,21761775,"北區, 台中市 - 位於市中心"
484,22790297,"北屯區, 台中市 - 距市中心3.2公里"
485,21007621,"南屯區, 台中市 - 距市中心2.7公里"
486,4430520,"逢甲, 台中市 - 距市中心4.8公里"
487,16567416,"東勢區, 台中市 - 距市中心19.7公里"
488,30704543,"后里區, 台中市 - 距市中心17.8公里"
489,22233685,"北區, 台中市 - 位於市中心"
490,5964302,"逢甲, 台中市 - 距市中心4.9公里"
491,9581712,"東勢區, 台中市 - 距市中心19.3公里"
492,5341861,"谷關, 台中市 - 距市中心32.8公里"
493,17207623,"北區, 台中市 - 查看地圖"
494,10881749,"北區, 台中市 - 位於市中心"
495,22668706,"大安區, 台中市 - 距市中心27.1公里"
496,23961880,"東勢區, 台中市 - 距市中心19.6公里"
497,8795839,"潭子區, 台中市 - 距市中心7.4公里"
498,7024490,"逢甲, 台中市 - 距市中心4.9公里"
499,5890305,"逢甲, 台中市 - 距市中心4.9公里"
500,8258594,"沙鹿區, 台中市 - 距市中心16.1公里"
501,9089659,"烏日區, 台中市 - 距市中心5.3公里"
502,22790176,"北屯區, 台中市 - 距市中心4.2公里"
503,6956442,"中區, 台中市 - 位於市中心"
504,18414483,"東區, 台中市 - 距市中心0.8公里"
505,24342215,"北區, 台中市 - 距市中心0.8公里"
506,1637924,"逢甲, 台中市 - 距市中心4.7公里"
507,872493,"西屯區, 台中市 - 距市中心3.9公里"
508,31450426,"西區, 台中市 - 距市中心1.0公里"
509,18587350,"東勢區, 台中市 - 距市中心19.5公里"
510,20777539,"西區, 台中市 - 距市中心1.6公里"
511,16782472,"大里區, 台中市 - 距市中心3.3公里"
512,10698960,"北區, 台中市 - 位於市中心"
513,666288,"北區, 台中市 - 距市中心2.6公里"
514,14456766,"北區, 台中市 - 距市中心1.7公里"
515,28752065,"逢甲, 台中市 - 距市中心4.2公里"
516,4704335,"逢甲, 台中市 - 距市中心4.7公里"
517,26904382,"逢甲, 台中市 - 距市中心5.0公里"
518,2404793,"南區, 台中市 - 距市中心0.7公里"
519,26865985,"逢甲, 台中市 - 距市中心4.9公里"
520,10543959,"太平區, 台中市 - 距市中心2.6公里"
521,26857077,"逢甲, 台中市 - 距市中心5.2公里"
522,22269007,"東勢區, 台中市 - 距市中心20.2公里"
523,433385,"西區, 台中市 - 距市中心1.9公里"
524,25066194,"逢甲, 台中市 - 距市中心4.7公里"
525,26866288,"逢甲, 台中市 - 距市中心4.6公里"
526,26856899,"逢甲, 台中市 - 距市中心5.0公里"
527,31450507,"北屯區, 台中市 - 距市中心2.2公里"
528,256492,"中區, 台中市 - 位於市中心"
529,27842691,"逢甲, 台中市 - 距市中心4.9公里"
530,27842687,"逢甲, 台中市 - 距市中心4.9公里"
531,25467270,"北屯區, 台中市 - 距市中心4.2公里"
